{"cameraMode":{"drawMode":0,"name":"Shaded","section":"Shading Mode"},"sceneLighting":true,"audioPlay":false,"sceneViewState":{"m_AlwaysRefresh":false,"showFog":true,"showSkybox":true,"showFlares":true,"showImageEffects":true,"showParticleSystems":true,"showVisualEffectGraphs":true,"m_FxEnabled":true},"in2DMode":false,"pivot":{"x":-0.28619635105133059,"y":1.8765184879302979,"z":-0.6657108068466187},"rotation":{"x":-0.07084900885820389,"y":0.9167740345001221,"z":-0.18822672963142396,"w":-0.3450762629508972},"size":1.4631997346878052,"orthographic":true}