{"cameraMode":{"drawMode":0,"name":"Shaded","section":"Shading Mode"},"sceneLighting":true,"audioPlay":false,"sceneViewState":{"m_AlwaysRefresh":false,"showFog":true,"showSkybox":true,"showFlares":true,"showImageEffects":true,"showParticleSystems":true,"showVisualEffectGraphs":true,"m_FxEnabled":true},"in2DMode":false,"pivot":{"x":-1.3596266508102418,"y":1.4705595970153809,"z":-1.4574872255325318},"rotation":{"x":-0.08520553261041641,"y":0.9139183759689331,"z":-0.25884807109832766,"w":-0.3008356988430023},"size":2.4223947525024416,"orthographic":true}